model,Training accuracy,Training loss,Training AUC,validation accuracy,validation loss,validation AUC,f1 score,precision,recall
CNN,0.9944444298744202,0.01859189197421074,0.9999815821647644,0.9432098865509033,0.17162565886974335,0.9958778023719788,0.9426862902689039,0.9466358945692591,0.9432098765432099
VGG16,0.999382734298706,0.009540308266878128,0.9996527433395386,0.9555555582046509,4.385848522186279,0.97514408826828,0.9540455598764811,0.9578651611739362,0.9555555555555555
EfficientNetB0,0.9506173133850098,0.16911810636520386,0.9970884323120117,0.9506173133850098,0.16911810636520386,0.9970884323120117,0.9491969986535204,0.957218426854385,0.9506172839506173
MobileNetV2,0.9456790089607239,1.1946194171905518,0.9751097559928894,0.9456790089607239,1.1946194171905518,0.9751097559928894,0.9449474178160272,0.9489134742693517,0.945679012345679
